{
    "Timestamp": "17/02/2026 10:56:23",
    "Offsets": [
        -5.234972303932584e-06,
        8.582097446910112e-05,
        7.314990100955055e-05,
        0.00016357454319719102
    ],
    "Gains": [
        1,
        1,
        1,
        1
    ]
}